[1,["1850dedb5@6c48a"],["_textureSource"],["cc.SpriteFrame","cc.SpriteAtlas"],0,[[[{"name":"border","rect":{"x":233,"y":81,"width":115,"height":93},"offset":{"x":0,"y":0},"originalSize":{"width":115,"height":93},"rotated":true,"capInsets":[0,0,0,0],"packable":true,"pixelsToUnit":100,"pivot":{"x":0.5,"y":0.5},"meshType":0}],[0],0,[0],[0],[0]],[[{"name":"UI","rect":{"x":332,"y":3,"width":443,"height":404},"offset":{"x":-19,"y":14.5},"originalSize":{"width":487,"height":433},"rotated":true,"capInsets":[0,0,0,0],"packable":true,"pixelsToUnit":100,"pivot":{"x":0.5,"y":0.5},"meshType":0}],[0],0,[0],[0],[0]],[[{"name":"tile","rect":{"x":79,"y":3,"width":64,"height":64},"offset":{"x":0,"y":0},"originalSize":{"width":64,"height":64},"rotated":false,"capInsets":[0,0,0,0],"packable":true,"pixelsToUnit":100,"pivot":{"x":0.5,"y":0.5},"meshType":0}],[0],0,[0],[0],[0]],[[{"name":"egypt","rect":{"x":3,"y":452,"width":700,"height":491},"offset":{"x":0,"y":0},"originalSize":{"width":700,"height":491},"rotated":false,"capInsets":[0,0,0,0],"packable":true,"pixelsToUnit":100,"pivot":{"x":0.5,"y":0.5},"meshType":0}],[0],0,[0],[0],[0]],[[{"name":"rainbow","rect":{"x":73,"y":73,"width":64,"height":64},"offset":{"x":0,"y":0},"originalSize":{"width":64,"height":64},"rotated":false,"capInsets":[0,0,0,0],"packable":true,"pixelsToUnit":100,"pivot":{"x":0.5,"y":0.5},"meshType":0}],[0],0,[0],[0],[0]],[[{"name":"brick","rect":{"x":3,"y":218,"width":72,"height":72},"offset":{"x":0,"y":0},"originalSize":{"width":72,"height":72},"rotated":false,"capInsets":[0,0,0,0],"packable":true,"pixelsToUnit":100,"pivot":{"x":0.5,"y":0.5},"meshType":0}],[0],0,[0],[0],[0]],[[{"name":"UIContainer","rect":{"x":3,"y":3,"width":32,"height":32},"offset":{"x":0,"y":0},"originalSize":{"width":32,"height":32},"rotated":false,"capInsets":[0,0,0,0],"packable":true,"pixelsToUnit":100,"pivot":{"x":0.5,"y":0.5},"meshType":0}],[0],0,[0],[0],[0]],[[{"name":"buttonBacking","rect":{"x":3,"y":316,"width":126,"height":124},"offset":{"x":1,"y":-1},"originalSize":{"width":128,"height":128},"rotated":false,"capInsets":[0,0,0,0],"packable":true,"pixelsToUnit":100,"pivot":{"x":0.5,"y":0.5},"meshType":0}],[0],0,[0],[0],[0]],[[{"name":"explosion","rect":{"x":3,"y":148,"width":64,"height":64},"offset":{"x":0,"y":0},"originalSize":{"width":64,"height":64},"rotated":false,"capInsets":[0,0,0,0],"packable":true,"pixelsToUnit":100,"pivot":{"x":0.5,"y":0.5},"meshType":0}],[0],0,[0],[0],[0]],[[{"name":"images","spriteFrames":["UIContainer","71RlmuH1FLPoI2spO5UXM7@f9941","cursor","baMkoeTfJC2q4uFj1pFeit@f9941","button","8ew3sVvAZMDqsXdi3a6u5y@f9941","buttonBackingChamfer","fd0mgZlNtNrb5OLXspw6Ds@f9941","tile","4a+7YxgqhAJYxx+DaDyg1G@f9941","rainbow","632gqxtQxCirARurdy6qqE@f9941","explosion","77DO31d5VBEK46MLakgLt6@f9941","column","96G7NgKJtAxaWBdwyAtOKp@f9941","row","ba4l7H7QlBIq1SbZM6EtAk@f9941","tileup","e4JxGkNSJLtqyJW63sQADJ@f9941","brick","69eFo/E5lA7pG9zsponEEv@f9941","rowEff","c96RiARvpHt7klNN8+BKPP@f9941","container","93J9TDUZhKGZl1Gdn89ygw@f9941","light","baWRUl/ihNHK3A2pe3pkfk@f9941","border","44MEuqa0JAX7prYbuP2Va/@f9941","buttonBacking","76wF7+8nNE/pbSQx7mSQi7@f9941","UI","44kpA8NSdHArY1elMJTONF@f9941","egypt","57KaY8aaxBvK8tG4PXzRk4@f9941"]}],[1],0,[],[],[]],[[{"name":"button","rect":{"x":41,"y":3,"width":64,"height":32},"offset":{"x":0,"y":0},"originalSize":{"width":64,"height":32},"rotated":true,"capInsets":[0,0,0,0],"packable":true,"pixelsToUnit":100,"pivot":{"x":0.5,"y":0.5},"meshType":0}],[0],0,[0],[0],[0]],[[{"name":"container","rect":{"x":143,"y":143,"width":84,"height":64},"offset":{"x":0,"y":0},"originalSize":{"width":84,"height":64},"rotated":false,"capInsets":[0,0,0,0],"packable":true,"pixelsToUnit":100,"pivot":{"x":0.5,"y":0.5},"meshType":0}],[0],0,[0],[0],[0]],[[{"name":"column","rect":{"x":149,"y":3,"width":64,"height":64},"offset":{"x":0,"y":0},"originalSize":{"width":64,"height":64},"rotated":false,"capInsets":[0,0,0,0],"packable":true,"pixelsToUnit":100,"pivot":{"x":0.5,"y":0.5},"meshType":0}],[0],0,[0],[0],[0]],[[{"name":"cursor","rect":{"x":3,"y":41,"width":32,"height":32},"offset":{"x":0,"y":0},"originalSize":{"width":32,"height":32},"rotated":false,"capInsets":[0,0,0,0],"packable":true,"pixelsToUnit":100,"pivot":{"x":0.5,"y":0.5},"meshType":0}],[0],0,[0],[0],[0]],[[{"name":"light","rect":{"x":81,"y":213,"width":100,"height":97},"offset":{"x":0,"y":-0.5},"originalSize":{"width":100,"height":100},"rotated":false,"capInsets":[0,0,0,0],"packable":true,"pixelsToUnit":100,"pivot":{"x":0.5,"y":0.5},"meshType":0}],[0],0,[0],[0],[0]],[[{"name":"row","rect":{"x":73,"y":143,"width":64,"height":64},"offset":{"x":0,"y":0},"originalSize":{"width":64,"height":64},"rotated":false,"capInsets":[0,0,0,0],"packable":true,"pixelsToUnit":100,"pivot":{"x":0.5,"y":0.5},"meshType":0}],[0],0,[0],[0],[0]],[[{"name":"rowEff","rect":{"x":219,"y":3,"width":72,"height":72},"offset":{"x":0,"y":0},"originalSize":{"width":72,"height":72},"rotated":false,"capInsets":[0,0,0,0],"packable":true,"pixelsToUnit":100,"pivot":{"x":0.5,"y":0.5},"meshType":0}],[0],0,[0],[0],[0]],[[{"name":"tileup","rect":{"x":143,"y":73,"width":64,"height":64},"offset":{"x":0,"y":0},"originalSize":{"width":64,"height":64},"rotated":false,"capInsets":[0,0,0,0],"packable":true,"pixelsToUnit":100,"pivot":{"x":0.5,"y":0.5},"meshType":0}],[0],0,[0],[0],[0]],[[{"name":"buttonBackingChamfer","rect":{"x":3,"y":79,"width":64,"height":63},"offset":{"x":0,"y":-0.5},"originalSize":{"width":64,"height":64},"rotated":false,"capInsets":[0,0,0,0],"packable":true,"pixelsToUnit":100,"pivot":{"x":0.5,"y":0.5},"meshType":0}],[0],0,[0],[0],[0]]]]
