[1,["76wF7+8nNE/pbSQx7mSQi7@f9941","83YwwL5ahBWKOqCQm41GVB","20g1ukYUVPvKWKBRznAKo+@f9941","54TknWPwVPqJqeCR+Y/Czo@f9941","95EkngnxZFbYuFpsqVTaFr@f9941","62x3JVAQBEaYhvm64bZi9G@f9941","fd0mgZlNtNrb5OLXspw6Ds@f9941","baWRUl/ihNHK3A2pe3pkfk@f9941","20g1ukYUVPvKWKBRznAKo+@6c48a","24pwTaKGdEbY0aXpIMdeCd@6c48a","24xBnqY6hOoanQf8RpSJu8@6c48a","54TknWPwVPqJqeCR+Y/Czo@6c48a","95EkngnxZFbYuFpsqVTaFr@6c48a","9f2QDdIhtPiY8s+6NCQ8g1@6c48a","9f2QDdIhtPiY8s+6NCQ8g1@f9941","baMkoeTfJC2q4uFj1pFeit@f9941","dai+4MFEZHLrJweRnpRlMs","dfXaYNeUhBz6gsOrVkEFvM","24pwTaKGdEbY0aXpIMdeCd@f9941","e1e0UmV6JI06zJzwnzCqE4","c5ASLJoBVLqYkgKifEkL9t","4a+7YxgqhAJYxx+DaDyg1G@f9941","30x+ATLhZPaq96/10KKkGC","24xBnqY6hOoanQf8RpSJu8@f9941"],["node","_spriteFrame","_textureSource","_atlas","_normalSprite","_hoverSprite","_pressedSprite","_disabledSprite","targetInfo","target","root","_target","_parent","data","_cameraComponent","remainTurnText","gameOverScoreText","highScoreText","scoreText","progressBar","pauseButton","continueButton","newGameButton","board","scene","_postProcess","cursor","_barSprite","diamondPrefab","brickPrefab","_file","source","asset","rowFXPrefab","spriteFrame"],[["cc.Node",["_name","_layer","_objFlags","_id","_active","__editorExtras__","_components","_parent","_children","_lpos","_prefab","_lscale"],-3,9,1,2,5,4,5],["cc.Widget",["_alignFlags","_top","_bottom","_left","_horizontalCenter","_verticalCenter","_right","node","_target"],-4,1,1],["cc.Node",["_name","_layer","_active","_components","_parent","_children","_lpos","_prefab"],0,12,1,2,5,4],["cc.Sprite",["_sizeMode","_type","node","_spriteFrame","_color","__prefab","_atlas"],1,1,6,5,4,6],"cc.SpriteFrame",["cc.UITransform",["node","_contentSize","__prefab","_anchorPoint"],3,1,5,4,5],["cc.Button",["_transition","_zoomScale","node","clickEvents","_hoverColor","_pressedColor","_target","_normalSprite","_hoverSprite","_pressedSprite","_disabledSprite","__prefab"],1,1,9,5,5,1,6,6,6,6,4],["cc.RichText",["_string","_fontSize","node"],1,1],["cc.Label",["_string","_actualFontSize","_fontSize","_overflow","_enableWrapText","node","_color"],-2,1,5],["cc.SceneAsset",["_name"],2],["cc.Canvas",["node","_cameraComponent"],3,1,1],["cc.ClickEvent",["_componentId","handler","target"],1,1],["fcfe9BKrgtD3prTZDF2nHqw",["node","board","newGameButton","pausePopUp","continueButton","pauseButton","gameOverPopup","progressBar","scoreText","highScoreText","gameOverScoreText","remainTurnText"],3,1,1,1,1,1,1,1,1,1,1,1,1],["cc.Bloom",["_intensity","node"],2,1],["cc.Scene",["_name","_children","_prefab","_globals"],2,2,4,4],["cc.PrefabInfo",["root","asset","fileId","instance","targetOverrides","nestedPrefabInstanceRoots"],-3],["cc.PrefabInfo",["fileId","instance","targetOverrides","nestedPrefabInstanceRoots","root","asset"],-1,1,1],["cc.PrefabInfo",["fileId","instance","root","asset","targetOverrides","nestedPrefabInstanceRoots"],1,1,1,9,2],["cc.PrefabInfo",["fileId","targetOverrides","nestedPrefabInstanceRoots","root","instance","asset"],0,1,4,6],["cc.SceneGlobals",["ambient","shadows","_skybox","fog","octree","skin","lightProbeInfo","postSettings"],3,4,4,4,4,4,4,4,4],["cc.AmbientInfo",["_skyColorHDR","_groundAlbedoHDR"],3,5,5],["cc.ShadowsInfo",["_shadowColor","_size"],3,5,5],["cc.SkyboxInfo",[],3],["cc.FogInfo",[],3],["cc.OctreeInfo",[],3],["cc.SkinInfo",["_enabled"],2],["cc.LightProbeInfo",[],3],["cc.PostSettingsInfo",[],3],["cc.Camera",["_projection","_orthoHeight","_near","_far","_clearFlags","_visibility","_usePostProcess","node","_color"],-4,1,5],["cc.PostProcess",["_shadingScale","node"],2,1],["a44ef9g375BYLJdO8wLjQ1B",["starPos","node","boardNode","bgNode"],2,1,1,1],["cc.ProgressBar",["_totalLength","_progress","node"],1,1],["cc.Prefab",["_name"],2],["cc.CompPrefabInfo",["fileId"],2],["cc.ParticleSystem2D",["_name","_dstBlendFactor","duration","life","lifeVar","angle","angleVar","startSize","startSizeVar","endSize","endSizeVar","emitterMode","speed","speedVar","tangentialAccel","radialAccel","radialAccelVar","endRadius","endRadiusVar","rotatePerSVar","playOnLoad","_preview","_custom","_totalParticles","node","__prefab","gravity","_startColor","_endColor","_file","_spriteFrame"],-21,1,4,5,5,5,6,6],["cc.TargetInfo",["localID"],2],["cc.TargetOverrideInfo",["propertyPath","source","target","targetInfo"],2,1,1,4],["cc.PrefabInstance",["fileId","prefabRootNode","propertyOverrides"],2,1,9],["CCPropertyOverrideInfo",["value","propertyPath","targetInfo"],1,1],["CCPropertyOverrideInfo",["propertyPath","targetInfo","value"],2,1,8],["bb62fa1dCZOkppu4UmwA8UM",["node","__prefab","sprite","light"],3,1,4,1,1],["cc.ParticleAsset",["_name","_native"],1]],[[5,0,1,1],[38,0,1,2,3],[33,0,2],[0,0,1,7,6,3],[5,0,1],[2,0,1,4,3,6,3],[11,0,1,2,3],[2,0,1,4,5,3,6,3],[3,1,0,2,3,6,3],[6,0,1,2,3],[7,0,1,2,3],[6,0,2,3,4,5,6,2],[8,0,1,2,3,4,5,6],[35,0,2],[39,0,1,2,2],[0,0,4,1,7,8,6,9,4],[0,0,1,7,6,11,3],[0,0,1,7,6,9,3],[5,0,2,1,1],[1,0,7,8,2],[3,2,3,1],[16,0,1,2,3,4,5,5],[32,0,2],[9,0,2],[0,0,1,8,6,3],[0,0,1,3,8,6,9,4],[0,0,1,7,8,6,9,3],[0,0,2,1,7,6,4],[0,0,1,6,10,3],[0,2,5,7,10,3],[2,0,1,4,5,3,3],[2,0,4,3,6,2],[2,0,2,1,4,3,4],[2,0,1,5,3,7,3],[2,0,1,4,3,7,3],[5,0,1,3,1],[5,0,2,1],[1,0,1,2,7,4],[1,0,4,7,8,3],[1,0,5,7,8,3],[1,0,3,6,1,7,8,5],[1,0,2,7,8,3],[1,0,1,7,3],[1,0,1,7,8,3],[1,0,3,1,7,4],[10,0,1,1],[3,1,0,2,3,3],[3,0,2,2],[3,1,0,2,4,3],[3,2,5,4,1],[3,2,5,1],[6,0,2,3,4,5,6,7,8,9,10,2],[6,2,11,3,1],[12,0,1,2,3,4,5,6,7,8,9,10,11,1],[13,0,1,2],[7,2,1],[7,0,2,2],[8,0,1,2,3,4,5,6,6],[14,0,1,2,3,2],[15,0,1,2,3,4,5,7],[17,0,1,2,3,4,5,3],[18,0,1,2,3,4,5,4],[19,0,1,2,3,4,5,6,7,1],[20,0,1,1],[21,0,1,1],[22,1],[23,1],[24,1],[25,0,2],[26,1],[27,1],[28,0,1,2,3,4,5,6,7,8,8],[29,0,1,2],[30,0,1,2,3,2],[31,0,1,2,3],[34,0,1,2,3,4,5,6,7,8,9,10,11,12,13,14,15,16,17,18,19,20,21,22,23,24,25,26,27,28,29,30,25],[36,0,1,2,3,2],[37,0,1,2,2],[40,0,1,2,3,1],[41,0,1,3]],[[[{"name":"default_btn_normal","rect":{"x":0,"y":0,"width":40,"height":40},"offset":{"x":0,"y":0},"originalSize":{"width":40,"height":40},"rotated":false,"capInsets":[12,12,12,12],"vertices":{"rawPosition":[-20,-20,0,20,-20,0,-20,20,0,20,20,0],"indexes":[0,1,2,2,1,3],"uv":[0,40,40,40,0,0,40,0],"nuv":[0,0,1,0,0,1,1,1],"minPos":{"x":-20,"y":-20,"z":0},"maxPos":{"x":20,"y":20,"z":0}},"packable":true,"pixelsToUnit":100,"pivot":{"x":0.5,"y":0.5},"meshType":0}],[4],0,[0],[2],[8]],[[{"name":"default_progressbar","rect":{"x":0,"y":0,"width":30,"height":15},"offset":{"x":0,"y":0},"originalSize":{"width":30,"height":15},"rotated":false,"capInsets":[10,4,10,4],"vertices":{"rawPosition":[-15,-7.5,0,15,-7.5,0,-15,7.5,0,15,7.5,0],"indexes":[0,1,2,2,1,3],"uv":[0,15,30,15,0,0,30,0],"nuv":[0,0,1,0,0,1,1,1],"minPos":{"x":-15,"y":-7.5,"z":0},"maxPos":{"x":15,"y":7.5,"z":0}},"packable":true,"pixelsToUnit":100,"pivot":{"x":0.5,"y":0.5},"meshType":0}],[4],0,[0],[2],[9]],[[{"name":"atom","rect":{"x":0,"y":0,"width":31,"height":31},"offset":{"x":0,"y":0},"originalSize":{"width":31,"height":31},"rotated":false,"capInsets":[0,0,0,0],"vertices":{"rawPosition":[-15.5,-15.5,0,15.5,-15.5,0,-15.5,15.5,0,15.5,15.5,0],"indexes":[0,1,2,2,1,3],"uv":[0,31,31,31,0,0,31,0],"nuv":[0,0,1,0,0,1,1,1],"minPos":{"x":-15.5,"y":-15.5,"z":0},"maxPos":{"x":15.5,"y":15.5,"z":0}},"packable":true,"pixelsToUnit":100,"pivot":{"x":0.5,"y":0.5},"meshType":0}],[4],0,[0],[2],[10]],[[{"name":"default_btn_pressed","rect":{"x":0,"y":0,"width":40,"height":40},"offset":{"x":0,"y":0},"originalSize":{"width":40,"height":40},"rotated":false,"capInsets":[12,12,12,12],"vertices":{"rawPosition":[-20,-20,0,20,-20,0,-20,20,0,20,20,0],"indexes":[0,1,2,2,1,3],"uv":[0,40,40,40,0,0,40,0],"nuv":[0,0,1,0,0,1,1,1],"minPos":{"x":-20,"y":-20,"z":0},"maxPos":{"x":20,"y":20,"z":0}},"packable":true,"pixelsToUnit":100,"pivot":{"x":0.5,"y":0.5},"meshType":0}],[4],0,[0],[2],[11]],[[{"name":"default_btn_disabled","rect":{"x":0,"y":0,"width":40,"height":40},"offset":{"x":0,"y":0},"originalSize":{"width":40,"height":40},"rotated":false,"capInsets":[12,12,12,12],"vertices":{"rawPosition":[-20,-20,0,20,-20,0,-20,20,0,20,20,0],"indexes":[0,1,2,2,1,3],"uv":[0,40,40,40,0,0,40,0],"nuv":[0,0,1,0,0,1,1,1],"minPos":{"x":-20,"y":-20,"z":0},"maxPos":{"x":20,"y":20,"z":0}},"packable":true,"pixelsToUnit":100,"pivot":{"x":0.5,"y":0.5},"meshType":0}],[4],0,[0],[2],[12]],[[{"name":"default_progressbar_bg","rect":{"x":0,"y":0,"width":60,"height":15},"offset":{"x":0,"y":0},"originalSize":{"width":60,"height":15},"rotated":false,"capInsets":[10,4,10,4],"vertices":{"rawPosition":[-30,-7.5,0,30,-7.5,0,-30,7.5,0,30,7.5,0],"indexes":[0,1,2,2,1,3],"uv":[0,15,60,15,0,0,60,0],"nuv":[0,0,1,0,0,1,1,1],"minPos":{"x":-30,"y":-7.5,"z":0},"maxPos":{"x":30,"y":7.5,"z":0}},"packable":true,"pixelsToUnit":100,"pivot":{"x":0.5,"y":0.5},"meshType":0}],[4],0,[0],[2],[13]],[[[23,"GameScene-refactor"],[24,"UI",33554432,[-4,-5,-6,-7,-8,-9,-10],[[0,-1,[5,1280,720]],[19,18,-3,-2]]],[25,"Canvas",33554432,"beI88Z2HpFELqR4T5EMHpg",[-15,-16,-17,-18,1],[[0,-11,[5,1280,720]],[45,-13,-12],[37,45,5.684341886080802e-14,5.684341886080802e-14,-14]],[1,640,360.00000000000006,0]],[15,"GameOverPopup",false,33554432,1,[-21,-22,-23,-24,-25],[[4,-19],[38,2,900,-20,1]],[1,0,900,0]],[15,"PausePopup",false,33554432,1,[-28,-29,-30,-31],[[4,-26],[39,18,900,-27,1]],[1,0,900,0]],[7,"PAUSEBUTOTN",33554432,1,[-37],[[[0,-32,[5,80,80]],[8,1,0,-33,5,6],-34,[9,3,0.9,-35],[40,33,10,20,20,-36,1]],4,4,1,4,4],[1,580,300,0]],[7,"Newgame",33554432,4,[-42],[[[0,-38,[5,300,50]],[8,1,0,-39,1,2],-40,[9,3,0.8,-41]],4,4,1,4],[1,0,50.307000000000016,0]],[7,"ContinueButotn",33554432,4,[-47],[[[0,-43,[5,300,50]],[8,1,0,-44,3,4],-45,[9,3,0.8,-46]],4,4,1,4],[1,0,-21.560000000000002,0]],[26,"NewGame",33554432,3,[-54],[[0,-48,[5,300,50]],[8,1,0,-49,8,9],[51,1,-52,[[6,"fcfe9BKrgtD3prTZDF2nHqw","newGame",-51]],[4,4290822336],[4,4285558896],-50,10,11,12,13],[9,3,0.8,-53]],[1,0,-90.829,0]],[7,"ProgressBar",33554432,1,[-59],[[[0,-55,[5,500,30]],[46,1,0,-56,14],-57,[41,20,20,-58,1]],4,4,1,4],[1,0,-325,0]],[30,"GameManager",33554432,2,[-63,-64],[[[4,-60],-61,[42,18,450,-62]],4,1,4]],[3,"UIManager",33554432,1,[[53,-74,-73,-72,4,-71,-70,3,-69,-68,-67,-66,-65]]],[31,"Camera",2,[[-75,-76,[54,23.6,-77]],1,1,4],[1,0,0,1000]],[5,"Bar",33554432,9,[[[35,-78,[5,500,28],[0,0,0.5]],-79,[19,18,-80,9]],4,1,4],[1,-250,0,0]],[5,"ScoreText",33554432,1,[[[0,-81,[5,153.37890625,50.4]],-82,[43,17,10,-83,1]],4,1,4],[1,0,324.8,0]],[5,"remainTurn",33554432,1,[[[0,-84,[5,274.1796875,50.4]],-85,[44,9,34.32415624999993,10,-86]],4,1,4],[1,-468.586,324.8,0]],[3,"BGNode",33554432,10,[[4,-87]]],[3,"Board",33554432,10,[[4,-88]]],[32,"cursor",false,33554432,2,[[[0,-89,[5,64,64]],-90],4,1]],[16,"Panel_01",33554432,4,[[0,-91,[5,1420,1072]],[20,-92,0]],[1,0.5,0.5,1]],[17,"PAUSE",33554432,4,[[0,-93,[5,165.7958984375,50.4]],[10,"PAUSE",50,-94]],[1,0,148.637,0]],[3,"Label",33554432,6,[[0,-95,[5,200,40]],[12,"NEW GAME",20,20,1,false,-96]]],[3,"Label",33554432,7,[[0,-97,[5,200,40]],[12,"CONTINUE",20,20,1,false,-98]]],[27,"Label",512,33554432,5,[[0,-99,[5,100,40]],[57,"PAUSE",20,20,1,false,-100,[4,4278190080]]]],[16,"Panel_01",33554432,3,[[0,-101,[5,1420,1072]],[20,-102,7]],[1,0.5,0.5,1]],[17,"Gameover",33554432,3,[[0,-103,[5,288.9404296875,50.4]],[10,"GAMEOVER",50,-104]],[1,0,148.637,0]],[3,"Label",33554432,8,[[0,-105,[5,200,40]],[12,"NEW GAME",20,20,1,false,-106]]],[5,"HighScoreText",33554432,3,[[[0,-107,[5,151.728515625,50.4]],-108],4,1],[1,0,81.355,0]],[5,"gameoverscoreText",33554432,3,[[[0,-109,[5,151.728515625,50.4]],-110],4,1],[1,0,32.735,0]],[58,"GameScene-refactor",[2],[59,null,null,"60eced6b-949b-4a64-b2ee-bb47c3944a96",null,null,null],[62,[63,[2,0,0,0,0.520833125],[2,0,0,0,0]],[64,[4,4283190348],[0,512,512]],[65],[66],[67],[68,false],[69],[70]]],[71,0,360,0,2000,14,1108344832,true,12,[4,4284892505]],[72,1.9,12],[73,[null,null,null,null,null,null,null,null,null,null],10,17,16],[47,0,18],[3,"Star",33554432,2,[[4,-111]]],[11,1,6,[[6,"fcfe9BKrgtD3prTZDF2nHqw","newGame",11]],[4,4290822336],[4,4285558896],6],[11,1,7,[[6,"fcfe9BKrgtD3prTZDF2nHqw","unPauseGame",11]],[4,4290822336],[4,4285558896],7],[11,1,5,[[6,"fcfe9BKrgtD3prTZDF2nHqw","pauseGame",11]],[4,4292203989],[4,4288716960],5],[10,"Highscore: ",30,27],[10,"Highscore: ",30,28],[74,500,1,9],[48,1,0,13,[4,4288479156]],[55,14],[56,"Remain Turn: 5",15]],0,[0,0,1,0,11,2,0,0,1,0,-1,4,0,-2,3,0,-3,5,0,-4,11,0,-5,9,0,-6,14,0,-7,15,0,0,2,0,14,30,0,0,2,0,0,2,0,-1,12,0,-2,10,0,-3,18,0,-4,34,0,0,3,0,0,3,0,-1,24,0,-2,25,0,-3,8,0,-4,27,0,-5,28,0,0,4,0,0,4,0,-1,19,0,-2,20,0,-3,6,0,-4,7,0,0,5,0,0,5,0,-3,37,0,0,5,0,0,5,0,-1,23,0,0,6,0,0,6,0,-3,35,0,0,6,0,-1,21,0,0,7,0,0,7,0,-3,36,0,0,7,0,-1,22,0,0,8,0,0,8,0,11,8,0,9,11,0,0,8,0,0,8,0,-1,26,0,0,9,0,0,9,0,-3,40,0,0,9,0,-1,13,0,0,10,0,-2,32,0,0,10,0,-1,16,0,-2,17,0,15,43,0,16,39,0,17,38,0,18,42,0,19,40,0,20,37,0,21,36,0,22,35,0,23,32,0,0,11,0,-1,30,0,-2,31,0,0,12,0,0,13,0,-2,41,0,0,13,0,0,14,0,-2,42,0,0,14,0,0,15,0,-2,43,0,0,15,0,0,16,0,0,17,0,0,18,0,-2,33,0,0,19,0,0,19,0,0,20,0,0,20,0,0,21,0,0,21,0,0,22,0,0,22,0,0,23,0,0,23,0,0,24,0,0,24,0,0,25,0,0,25,0,0,26,0,0,26,0,0,27,0,-2,38,0,0,28,0,-2,39,0,0,34,0,24,29,1,12,2,2,12,29,30,25,31,32,26,33,40,27,41,111],[0,0,0,0,0,0,0,0,0,0,0,0,0,0,0,33,32,32,36,36,36,36,37,37,37,37,41,35,35,35,35],[1,1,3,1,3,1,3,1,1,3,4,5,6,7,1,1,28,29,4,5,6,7,4,5,6,7,1,4,5,6,7],[5,0,1,0,1,6,1,5,0,1,0,2,3,4,14,15,16,17,0,2,3,4,6,2,3,4,18,0,2,3,4]],[[[22,"Particle2D"],[28,"Particle2D",33554432,[[36,-2,[2,"cb3JmUqv5CtL73Nr9gBzN3"]],[75,"Node<ParticleSystem2D>",1,0.8,0.8,0.8,360,360,32,32,32,32,1,100,100,0,-671.0499877929688,65.79000091552734,32,32,64,false,false,true,30,-3,[2,"1dFhc4kVNIPIEakC/7CzjQ"],[0,0.25,0.25],[4,905969663],[4,1258291199],0,1]],[21,"eeFqA3I6FJZIquTUWoiKrf",null,null,null,-1,0]]],0,[0,10,1,0,0,1,0,0,1,0,13,1,3],[0,0],[30,1],[19,7]],[[[22,"Diamond"],[13,["1dFhc4kVNIPIEakC/7CzjQ"]],[33,"Diamond",33554432,[-10,-11],[[[18,-5,[2,"8fKrHLE4dKjpO3ULrdcxcE"],[5,64,64]],-6,[52,-8,[2,"cd2ZTXK89AUaokASPGBNip"],[[6,"bb62fa1dCZOkppu4UmwA8UM","emitOnClick",-7]]],-9],4,1,4,1],[60,"c46/YsCPVOJYA4mWEpNYRx",null,-4,0,[[76,["particle"],-3,-2,[13,["1dFhc4kVNIPIEakC/7CzjQ"]]]],[-1]]],[29,0,{},2,[61,"eeFqA3I6FJZIquTUWoiKrf",null,null,-16,[77,"01Q61xT5JH7If2GPsOs6Gu",2,[[1,"Particle2D",["_name"],-12],[14,["_lpos"],-13,[1,0,0,0]],[14,["_lrot"],-14,[3,0,0,0,1]],[14,["_euler"],-15,[1,0,0,0]],[1,8,["startSize"],1],[1,8,["startSizeVar"],1],[1,16,["endSize"],1],[1,16,["endSizeVar"],1],[1,100,["_totalParticles"],1],[1,false,["playOnLoad"],1],[1,0.2,["duration"],1],[1,30,["emissionRate"],1],[1,0.5,["life"],1],[1,0.5,["lifeVar"],1],[1,64,["endRadius"],1],[1,64,["endRadiusVar"],1],[1,32,["startRadius"],1],[1,32,["startRadiusVar"],1],[1,false,["_preview"],1]]],0]],[13,["eeFqA3I6FJZIquTUWoiKrf"]],[34,"light",33554432,2,[[[18,-17,[2,"abJ44+3npGF62akq+ddrOE"],[5,100,97]],-18],4,1],[21,"01MBVfZiFL7q5DDnX6onn3",null,null,null,2,0]],[49,5,[2,"191+eLI79MXrTje4MuXqBH"],[4,1375731711]],[50,2,[2,"54Q2PaF1lE0or8HFhj3C/r"]],[78,2,[2,"61Edu5guNC6bOf2i/liY0+"],7,6]],0,[0,-1,3,0,9,3,0,31,8,0,10,2,0,0,2,0,-2,7,0,9,2,0,0,2,0,-4,8,0,-1,5,0,-2,3,0,8,4,0,8,4,0,8,4,0,8,4,0,10,3,0,0,5,0,-2,6,0,13,2,18],[0,6,7,7,8],[32,1,1,3,33],[20,7,21,1,22]],[[[79,"atom_new",".plist"],-1],0,0,[0],[34],[23]]]]
